Height,Weight
155.6470074,60.11646591
178.9556783,86.55666523
178.1676978,88.37396236
175.8479305,78.84771866
174.6494755,69.71243588
162.45226,53.92889406
173.7237166,76.94480633
183.3248476,92.51638972
181.1565491,87.51961186
149.9794525,50.66956891
