Height,Weight
156.6327451,54.705989
151.6839769,49.81195607
164.6009972,84.03224101
177.8350005,83.63079985
182.7994964,91.41156906
168.8262852,74.53335057
171.3302691,72.57898767
165.28203,62.42780253
152.1304903,52.96120239
175.6901559,78.3785635
