Height,Weight
155.1128568,47.76829129
160.0516111,73.79515196
178.8279982,88.64217817
174.6897793,90.53765004
170.3755014,82.80561673
179.0060294,87.8369369
154.3321492,53.05911822
179.0480861,92.20846564
175.3465253,83.26000898
183.2268267,97.31207133
